{"cameraMode":{"drawMode":0,"name":"Shaded","section":"Shading Mode"},"sceneLighting":true,"audioPlay":false,"sceneViewState":{"m_AlwaysRefresh":true,"showFog":true,"showSkybox":true,"showFlares":true,"showImageEffects":true,"showParticleSystems":true,"showVisualEffectGraphs":true,"m_FxEnabled":true},"in2DMode":false,"pivot":{"x":-0.3952711522579193,"y":6.934684753417969,"z":0.6471223831176758},"rotation":{"x":0.5128202438354492,"y":-0.012353220023214817,"z":0.007390098180621862,"w":0.8584321737289429},"size":9.592398643493653,"orthographic":false}